City_ID,City,Lat,Lng,Max Temp,Humidity,Cloudiness,Wind Speed,Country,Date
0,sawakin,19.1059,37.3321,31.89,61,0,3.06,SD,2023-09-29 15:52:29
1,songea,-10.6833,35.65,18.64,82,40,3.09,TZ,2023-09-29 15:52:30
2,waitangi,-43.9535,-176.5597,8.79,79,96,2.68,NZ,2023-09-29 15:52:31
3,golhisar,37.1459,29.5088,17.79,65,0,0.27,TR,2023-09-29 15:52:31
4,blackmans bay,-43.0167,147.3167,11.52,72,88,3.64,AU,2023-09-29 15:52:32
5,wailua homesteads,22.0669,-159.378,25.44,81,100,6.69,US,2023-09-29 15:52:33
6,mccook,40.2019,-100.6257,26.03,41,0,6.69,US,2023-09-29 15:52:34
7,beya,53.0533,90.9139,15.07,38,90,5.33,RU,2023-09-29 15:52:34
8,college,64.8569,-147.8028,2.11,73,40,2.57,US,2023-09-29 15:52:35
9,isafjordur,66.0755,-23.124,3.74,90,100,5.1,IS,2023-09-29 15:52:36
10,dudinka,69.4058,86.1778,0.9,99,100,5.73,RU,2023-09-29 15:52:37
11,fort bragg,35.139,-79.006,18.91,89,100,4.12,US,2023-09-29 15:52:38
12,adamstown,-25.066,-130.1015,20.43,78,25,10.14,PN,2023-09-29 15:52:39
13,alesund,62.4723,6.1549,15.74,77,75,1.54,NO,2023-09-29 15:52:39
14,batticaloa,7.7102,81.6924,31.12,55,82,1.55,LK,2023-09-29 15:51:07
15,ilulissat,69.2167,-51.1,-2.46,70,100,2.97,GL,2023-09-29 15:52:41
16,bredasdorp,-34.5322,20.0403,17.94,63,84,1.83,ZA,2023-09-29 15:52:42
17,tadine,-21.55,167.8833,20.95,72,69,6.6,NC,2023-09-29 15:52:43
18,arraial do cabo,-22.9661,-42.0278,18.98,77,75,1.03,BR,2023-09-29 15:52:43
19,olonkinbyen,70.9221,-8.7187,3.56,91,96,7.14,SJ,2023-09-29 15:52:44
20,lazaro cardenas,17.9583,-102.2,27.13,90,16,2.22,MX,2023-09-29 15:52:44
21,redencao,-4.2258,-38.7306,23.61,86,71,1.47,BR,2023-09-29 15:52:45
22,lyantor,61.6195,72.1555,10.3,76,92,4.65,RU,2023-09-29 15:52:45
23,afaahiti,-17.75,-149.2833,24.93,85,21,8.8,PF,2023-09-29 15:52:46
24,gadzhiyevo,69.2551,33.3362,9.65,88,100,5.64,RU,2023-09-29 15:52:46
25,greymouth,-42.4667,171.2,10.25,86,100,7.78,NZ,2023-09-29 15:51:06
26,brokopondo,4.75,-55.1667,26.26,80,8,3.54,SR,2023-09-29 15:52:48
27,praia da vitoria,38.7333,-27.0667,23.2,100,75,9.03,PT,2023-09-29 15:48:55
28,enewetak,11.3474,162.3373,29.15,77,17,5.29,MH,2023-09-29 15:52:51
29,ola,59.5833,151.2833,7.86,83,93,2.83,RU,2023-09-29 15:52:52
30,santana,-0.0583,-51.1817,27.1,78,20,3.09,BR,2023-09-29 15:52:52
31,sainte-rose,16.3324,-61.6979,26.02,94,0,0.0,GP,2023-09-29 15:52:54
32,east london,-33.0153,27.9116,17.52,88,0,0.51,ZA,2023-09-29 15:51:24
33,bethel,41.3712,-73.414,14.64,85,87,2.67,US,2023-09-29 15:52:55
34,okhotsk,59.3833,143.3,8.88,78,93,1.3,RU,2023-09-29 15:52:55
35,korla,41.7597,86.1469,22.39,22,99,4.9,CN,2023-09-29 15:52:56
36,mumford,5.2618,-0.759,24.33,92,88,3.46,GH,2023-09-29 15:52:57
37,albany,42.6001,-73.9662,15.33,81,99,0.45,US,2023-09-29 15:52:58
38,iqaluit,63.7506,-68.5145,0.85,86,75,1.03,CA,2023-09-29 15:52:58
39,edinburgh of the seven seas,-37.0676,-12.3116,10.48,61,98,7.9,SH,2023-09-29 15:52:59
40,pudozh,61.8099,36.5345,11.67,93,85,1.8,RU,2023-09-29 15:52:59
41,georgetown,5.4112,100.3354,33.3,62,40,5.14,MY,2023-09-29 15:50:52
42,new plymouth,-39.0667,174.0833,13.23,89,98,9.46,NZ,2023-09-29 15:53:00
43,colonia,50.9333,6.95,19.3,84,0,2.57,DE,2023-09-29 15:51:06
44,umm kaddadah,13.6017,26.6876,28.01,60,87,2.66,SD,2023-09-29 15:53:01
45,shenjiamen,29.9576,122.298,26.98,74,12,3.17,CN,2023-09-29 15:53:02
46,pahrump,36.2083,-115.9839,23.86,24,6,2.66,US,2023-09-29 15:53:02
47,sinop,41.7711,34.8709,19.93,62,82,1.45,TR,2023-09-29 15:53:04
48,ixtapa,20.7,-105.2,26.09,95,51,0.99,MX,2023-09-29 15:49:49
49,princeville,45.7668,-61.2985,10.99,91,0,2.06,CA,2023-09-29 15:53:06
50,papao,-17.75,-149.55,25.82,84,18,10.23,PF,2023-09-29 15:53:07
51,whitehorse,60.7161,-135.0538,6.84,97,100,1.79,CA,2023-09-29 15:53:07
52,hithadhoo,-0.6,73.0833,28.39,74,70,7.1,MV,2023-09-29 15:53:08
53,invercargill,-46.4,168.35,9.45,75,36,9.39,NZ,2023-09-29 15:52:10
54,lospalos,-8.5186,127.0025,26.95,58,63,5.67,TL,2023-09-29 15:53:09
55,mitu,1.1983,-70.1733,23.09,93,89,1.26,CO,2023-09-29 15:53:10
56,port-aux-francais,-49.35,70.2167,1.87,73,69,17.31,TF,2023-09-29 15:53:11
57,kapiri mposhi,-13.9652,28.6809,24.89,39,41,4.93,ZM,2023-09-29 15:53:11
58,mount gambier,-37.8333,140.7667,23.9,40,9,4.72,AU,2023-09-29 15:53:12
59,kiunga,-6.1219,141.2906,29.5,66,100,1.43,PG,2023-09-29 15:53:12
60,port-vila,-17.7338,168.3219,22.61,63,86,8.39,VU,2023-09-29 15:53:13
61,kodiak,57.79,-152.4072,6.86,81,68,0.57,US,2023-09-29 15:53:14
62,stanley,54.868,-1.6985,11.01,84,0,4.12,GB,2023-09-29 15:53:14
63,papatowai,-46.5619,169.4708,7.61,76,31,9.68,NZ,2023-09-29 15:53:15
64,cockburn town,21.4612,-71.1419,29.06,76,4,7.46,TC,2023-09-29 15:53:15
65,mahanoro,-19.9,48.8,25.5,59,7,0.75,MG,2023-09-29 15:53:16
66,ust-nera,64.5667,143.2,3.73,79,98,2.89,RU,2023-09-29 15:53:16
67,ironwood,46.4547,-90.171,13.19,100,75,2.57,US,2023-09-29 15:53:17
68,yuzhno-kurilsk,44.0306,145.8556,16.22,84,75,1.42,RU,2023-09-29 15:53:17
69,holualoa,19.6228,-155.9522,24.32,83,6,0.89,US,2023-09-29 15:53:18
70,barcelos,41.5388,-8.6151,18.8,93,6,1.94,PT,2023-09-29 15:53:18
71,yellowknife,62.456,-114.3525,6.29,96,75,2.06,CA,2023-09-29 15:53:19
72,selfoss,63.9331,-20.9971,3.91,76,100,3.03,IS,2023-09-29 15:53:20
73,ushuaia,-54.8,-68.3,8.81,49,0,6.69,AR,2023-09-29 15:51:26
74,petropavlovsk-kamchatsky,53.0452,158.6483,10.33,62,0,5.0,RU,2023-09-29 15:52:06
75,new norfolk,-42.7826,147.0587,12.18,59,98,0.4,AU,2023-09-29 15:53:22
76,kingaroy,-26.5333,151.8333,26.97,31,14,3.25,AU,2023-09-29 15:50:59
77,ancud,-41.8697,-73.8203,4.21,82,17,3.28,CL,2023-09-29 15:53:23
78,la ronge,55.1001,-105.2842,9.14,93,100,0.0,CA,2023-09-29 15:53:24
79,bilibino,68.0546,166.4372,-0.06,99,100,0.89,RU,2023-09-29 15:53:24
80,kaa-khem,51.6833,94.7333,12.37,43,33,1.49,RU,2023-09-29 15:53:25
81,tegal,-6.8694,109.1402,31.58,52,8,5.1,ID,2023-09-29 15:53:25
82,carnarvon,-24.8667,113.6333,23.88,64,8,8.29,AU,2023-09-29 15:50:31
83,sitka,57.0531,-135.33,9.08,85,93,0.29,US,2023-09-29 15:53:26
84,keflavik,64.0049,-22.5624,5.24,87,0,4.63,IS,2023-09-29 15:51:24
85,nadym,65.5333,72.5167,2.25,62,99,7.91,RU,2023-09-29 15:53:28
86,pisco,-13.7,-76.2167,18.03,82,0,3.6,PE,2023-09-29 15:53:29
87,hamilton,39.1834,-84.5333,17.44,95,100,0.45,US,2023-09-29 15:53:30
88,al kharijah,25.4514,30.5464,34.2,10,8,5.36,EG,2023-09-29 15:53:31
89,comodoro rivadavia,-45.8667,-67.5,3.92,75,0,2.57,AR,2023-09-29 15:53:31
90,jiangyou,31.7667,104.7167,23.92,68,85,2.59,CN,2023-09-29 15:53:32
91,ebon,4.582,168.6964,26.84,80,100,3.08,MH,2023-09-29 15:53:33
92,javanrud,34.7961,46.5172,23.81,22,0,1.84,IR,2023-09-29 15:53:33
93,ugoofaaru,5.6667,73.0,28.36,77,97,6.9,MV,2023-09-29 15:53:34
94,vadso,70.0744,29.7487,10.09,87,40,3.6,NO,2023-09-29 15:53:35
95,lebu,-37.6167,-73.65,8.02,85,1,8.35,CL,2023-09-29 15:53:36
96,veraval,20.9,70.3667,29.91,70,100,3.97,IN,2023-09-29 15:53:36
97,kapa'a,22.0752,-159.319,25.61,72,18,2.24,US,2023-09-29 15:53:37
98,badger,64.8,-147.5333,2.06,77,20,0.0,US,2023-09-29 15:53:39
99,geraldton,-28.7667,114.6,24.23,57,32,5.66,AU,2023-09-29 15:50:18
100,grytviken,-54.2811,-36.5092,-0.05,84,100,6.31,GS,2023-09-29 15:53:40
101,grao de murviedro,39.6417,-0.2389,20.5,76,6,2.4,ES,2023-09-29 15:53:41
102,muisne,0.6,-80.0333,24.44,87,94,4.64,EC,2023-09-29 15:53:43
103,yasnyy,51.0333,59.8742,12.66,50,91,3.24,RU,2023-09-29 15:53:43
104,sao tome,0.3365,6.7273,25.76,82,79,3.59,ST,2023-09-29 15:49:34
105,dunedin,-45.8742,170.5036,11.0,58,40,6.71,NZ,2023-09-29 15:53:32
106,udachny,66.4167,112.4,1.92,47,100,8.17,RU,2023-09-29 15:53:45
107,llanes,43.4198,-4.7549,20.33,78,3,1.44,ES,2023-09-29 15:53:46
108,atafu village,-8.5421,-172.5159,29.01,72,36,4.18,TK,2023-09-29 15:53:48
109,ribeira grande,38.5167,-28.7,23.21,94,100,7.15,PT,2023-09-29 15:52:46
110,sale,34.0389,-6.8166,20.38,94,75,1.54,MA,2023-09-29 15:53:49
111,isiro,2.7739,27.616,21.37,95,75,0.96,CD,2023-09-29 15:53:49
112,haiku-pauwela,20.9219,-156.3051,25.58,81,20,8.75,US,2023-09-29 15:53:50
113,puerto natales,-51.7236,-72.4875,2.21,86,100,1.85,CL,2023-09-29 15:53:50
114,urangan,-25.3,152.9,22.33,68,17,5.74,AU,2023-09-29 15:53:51
115,crane,31.3974,-102.3501,26.46,40,17,9.06,US,2023-09-29 15:53:52
116,khovd,48.0056,91.6419,6.84,42,2,1.03,MN,2023-09-29 15:53:52
117,bou tlelis,35.5727,-0.8996,15.06,79,27,3.09,DZ,2023-09-29 15:53:53
118,kosciusko,33.0576,-89.5876,17.79,92,89,2.02,US,2023-09-29 15:53:54
119,chonchi,-42.6128,-73.8092,2.84,97,19,1.18,CL,2023-09-29 15:53:54
120,lockwood,45.8191,-108.4149,14.24,59,90,2.47,US,2023-09-29 15:53:55
121,hermanus,-34.4187,19.2345,17.28,69,95,2.2,ZA,2023-09-29 15:53:55
122,dakhla,23.6848,-15.958,19.85,91,58,7.81,EH,2023-09-29 15:53:56
123,kailua-kona,19.6406,-155.9956,26.39,83,1,0.89,US,2023-09-29 15:53:56
124,angaur state,6.906,134.13,28.15,81,90,8.53,PW,2023-09-29 15:53:57
125,birao,10.2849,22.7882,22.61,94,100,1.16,CF,2023-09-29 15:53:57
126,siwa oasis,29.2041,25.5195,27.54,45,0,4.23,EG,2023-09-29 15:53:58
127,utrik,11.2278,169.8474,28.96,77,100,7.08,MH,2023-09-29 15:53:59
128,avarua,-21.2078,-159.775,25.03,88,100,7.72,CK,2023-09-29 15:53:59
129,malmberget,67.1753,20.6549,9.31,93,100,1.03,SE,2023-09-29 15:54:00
130,pul-e khumri,35.9446,68.7151,22.42,28,92,2.31,AF,2023-09-29 15:54:00
131,berdigestyakh,62.0989,126.6992,5.62,36,12,3.09,RU,2023-09-29 15:54:01
132,port mathurin,-19.6833,63.4167,22.8,77,34,10.12,MU,2023-09-29 15:54:01
133,kavaratti,10.5669,72.642,27.97,80,100,7.95,IN,2023-09-29 15:54:02
134,thompson,55.7435,-97.8558,12.09,100,100,4.63,CA,2023-09-29 15:54:03
135,queenstown,-31.8976,26.8753,18.93,36,0,3.21,ZA,2023-09-29 15:54:04
136,christchurch,-43.5333,172.6333,17.11,39,41,5.66,NZ,2023-09-29 15:50:56
137,nemuro,43.3236,145.575,17.05,82,62,1.87,JP,2023-09-29 15:51:08
138,buka,40.8108,69.1986,25.04,23,97,1.75,UZ,2023-09-29 15:54:05
139,kralendijk,12.15,-68.2667,28.99,79,40,3.09,BQ,2023-09-29 15:49:41
140,sao joao da barra,-21.6403,-41.0511,19.9,79,49,5.58,BR,2023-09-29 15:54:08
141,kodinsk,58.6881,99.1844,14.16,56,100,3.72,RU,2023-09-29 15:50:26
142,weligama,5.9667,80.4167,27.8,78,65,4.6,LK,2023-09-29 15:54:08
143,cuenca,-2.8833,-78.9833,14.05,92,100,0.97,EC,2023-09-29 15:54:09
144,idri,27.5,13.2667,23.23,52,6,6.49,LY,2023-09-29 15:54:11
145,margaret river,-33.95,115.0667,16.52,68,30,5.25,AU,2023-09-29 15:54:11
146,mili,6.0815,171.735,27.94,81,100,8.19,MH,2023-09-29 15:54:12
147,hasaki,35.7333,140.8333,27.22,72,92,4.75,JP,2023-09-29 15:54:13
148,san antonio de pale,-1.4014,5.6325,24.96,82,100,4.29,GQ,2023-09-29 15:54:14
149,bowen,-20.0167,148.2333,23.76,64,4,8.72,AU,2023-09-29 15:54:14
150,port hedland,-20.3167,118.5667,39.03,16,48,5.14,AU,2023-09-29 15:54:15
151,hawaiian paradise park,19.5933,-154.9731,24.93,90,100,0.45,US,2023-09-29 15:54:16
152,concepcion,-36.827,-73.0498,9.89,81,0,1.03,CL,2023-09-29 15:54:17
153,kharp,66.8014,65.8081,1.84,79,47,1.84,RU,2023-09-29 15:54:17
154,lata,40.1629,-8.3327,15.51,84,5,1.42,PT,2023-09-29 15:54:18
155,juneau,58.3019,-134.4197,9.01,100,98,0.45,US,2023-09-29 15:54:19
156,brandon,27.9378,-82.2859,25.5,90,43,3.13,US,2023-09-29 15:54:20
157,pskov,57.8136,28.3496,12.95,100,0,3.13,RU,2023-09-29 15:54:20
158,bicas,-21.7253,-43.0594,14.55,84,48,1.81,BR,2023-09-29 15:54:21
159,brady,31.1352,-99.3351,26.2,53,0,3.6,US,2023-09-29 15:54:22
160,port saint john's,-31.6229,29.5448,20.25,68,0,0.64,ZA,2023-09-29 15:54:23
161,malindi,-3.2175,40.1191,24.09,88,100,0.0,KE,2023-09-29 15:54:24
162,mangrol,21.1167,70.1167,29.9,70,69,3.37,IN,2023-09-29 15:54:24
163,zahedan,29.4963,60.8629,19.95,22,0,4.12,IR,2023-09-29 15:54:25
164,vila franca do campo,37.7167,-25.4333,23.23,99,75,5.65,PT,2023-09-29 15:54:25
165,saipan,15.1355,145.701,28.39,89,75,3.6,MP,2023-09-29 15:53:38
166,lihue,21.9789,-159.3672,25.2,86,22,6.04,US,2023-09-29 15:54:26
167,beau vallon,-20.4189,57.6953,26.13,61,40,7.2,MU,2023-09-29 15:54:26
168,puerto ayora,-0.7393,-90.3518,23.64,92,94,2.24,EC,2023-09-29 15:54:28
169,paracuru,-3.41,-39.0306,26.73,86,28,4.26,BR,2023-09-29 15:54:28
170,ulladulla,-35.35,150.4667,28.76,63,4,3.27,AU,2023-09-29 15:54:29
171,margate,51.3813,1.3862,18.28,91,66,1.79,GB,2023-09-29 15:54:30
172,kruisfontein,-34.0033,24.7314,17.71,53,16,3.3,ZA,2023-09-29 15:54:30
173,chalus,36.655,51.4204,22.7,73,20,0.0,IR,2023-09-29 15:54:31
174,arcos,-20.2819,-45.5394,18.67,70,1,3.33,BR,2023-09-29 15:54:31
175,chertkovo,49.3847,40.1547,18.99,36,0,3.41,RU,2023-09-29 15:54:32
176,chamical,-30.36,-66.314,17.51,28,30,6.73,AR,2023-09-29 15:54:33
177,burang,30.25,81.1667,11.51,25,0,3.8,CN,2023-09-29 15:54:34
178,fort st. john,56.2499,-120.8529,6.94,100,100,4.63,CA,2023-09-29 15:54:34
179,port elizabeth,-33.918,25.5701,18.94,64,2,3.55,ZA,2023-09-29 15:54:33
180,minas de marcona,-15.2119,-75.1103,12.85,89,83,5.89,PE,2023-09-29 15:54:36
181,wang saphung,17.301,101.7685,28.01,83,100,1.54,TH,2023-09-29 15:54:36
182,qarqaraly,49.4058,75.4742,12.08,68,100,1.01,KZ,2023-09-29 15:54:37
183,capao bonito,-24.0058,-48.3494,13.75,91,91,3.14,BR,2023-09-29 15:54:37
184,alta,69.9689,23.2717,9.59,86,75,2.57,NO,2023-09-29 15:54:39
185,yarmouth,41.7057,-70.2286,15.54,96,0,1.79,US,2023-09-29 15:54:39
186,malabar,-33.9667,151.25,30.17,63,0,5.66,AU,2023-09-29 15:54:41
187,svetlyy,54.675,20.1347,14.42,65,93,5.02,RU,2023-09-29 15:54:41
188,dila,6.4167,38.3167,21.61,66,14,0.58,ET,2023-09-29 15:54:42
189,puerto deseado,-47.7503,-65.8938,5.06,71,0,5.37,AR,2023-09-29 15:54:43
190,helensburgh,56.0061,-4.7265,13.03,90,76,7.72,GB,2023-09-29 15:54:44
191,taulaga,-11.0553,-171.0883,28.35,75,41,4.21,AS,2023-09-29 15:54:44
192,vilyuchinsk,52.9306,158.4028,11.15,65,11,2.41,RU,2023-09-29 15:54:45
193,nizhnyaya tavda,57.6731,66.1725,11.71,81,100,2.22,RU,2023-09-29 15:54:46
194,macia,-25.0269,33.0989,22.63,75,6,1.66,MZ,2023-09-29 15:54:46
195,antalaha,-14.9003,50.2788,23.35,84,74,3.81,MG,2023-09-29 15:54:48
196,hailar,49.2,119.7,14.4,40,100,2.9,CN,2023-09-29 15:54:48
197,west island,-12.1568,96.8225,27.99,69,40,9.26,CC,2023-09-29 15:54:49
198,ete,7.05,7.45,22.45,98,100,0.96,NG,2023-09-29 15:54:49
199,cuajinicuilapa,16.4667,-98.4167,26.2,87,19,1.03,MX,2023-09-29 15:54:50
200,kill devil hills,36.0307,-75.676,22.21,98,100,5.66,US,2023-09-29 15:54:50
201,laguna,38.421,-121.4238,20.6,65,0,2.57,US,2023-09-29 15:54:51
202,uturoa,-16.7333,-151.4333,25.91,80,89,8.17,PF,2023-09-29 15:54:52
203,tan-tan,28.438,-11.1032,19.58,95,45,0.74,MA,2023-09-29 15:54:52
204,ponta delgada,37.7333,-25.6667,23.4,94,75,6.17,PT,2023-09-29 15:54:53
205,tazovsky,67.4667,78.7,0.38,81,100,10.08,RU,2023-09-29 15:54:53
206,port alfred,-33.5906,26.891,19.44,69,0,5.17,ZA,2023-09-29 15:54:54
207,dryden,49.7833,-92.7503,16.16,82,100,6.69,CA,2023-09-29 15:54:55
208,mildura,-34.2,142.15,31.15,16,0,2.36,AU,2023-09-29 15:54:36
209,santiago de chuco,-8.15,-78.1833,12.78,80,88,0.5,PE,2023-09-29 15:54:56
210,bodo,67.28,14.405,12.19,93,100,3.09,NO,2023-09-29 15:54:56
211,mil'kovo,55.6078,37.7956,14.08,64,47,2.68,RU,2023-09-29 15:54:57
212,argo,37.6333,22.7333,20.44,67,11,1.73,GR,2023-09-29 15:54:57
213,iskateley,67.6803,53.1512,2.6,66,53,3.29,RU,2023-09-29 15:51:42
214,sinabang,2.4803,96.3801,27.63,76,97,3.18,ID,2023-09-29 15:54:58
215,aasiaat,68.7098,-52.8699,0.79,96,100,1.69,GL,2023-09-29 15:54:59
216,taoudenni,22.6783,-3.9836,28.86,18,27,4.1,ML,2023-09-29 15:54:59
217,mawu,29.5923,107.3139,23.06,87,98,1.89,CN,2023-09-29 15:55:00
218,fot,47.6177,19.1887,15.19,52,0,1.23,HU,2023-09-29 15:55:01
219,hajipur,25.6833,85.2167,34.99,75,40,0.0,IN,2023-09-29 15:55:01
220,fortuna,40.5982,-124.1573,11.48,94,0,0.0,US,2023-09-29 15:55:02
221,uray,60.1247,64.7758,11.04,76,100,2.24,RU,2023-09-29 15:55:02
222,onega,63.9061,38.1404,10.68,95,100,1.67,RU,2023-09-29 15:55:03
223,belyy yar,53.6039,91.3903,12.94,58,0,2.0,RU,2023-09-29 15:55:04
224,labasa,-16.4167,179.3833,23.04,87,75,5.7,FJ,2023-09-29 15:55:04
225,anadyr,64.75,177.4833,5.28,80,100,1.79,RU,2023-09-29 15:53:04
226,sawankhalok,17.316,99.8319,28.94,79,75,4.12,TH,2023-09-29 15:55:05
227,lander,42.833,-108.7307,13.42,58,53,2.12,US,2023-09-29 15:55:06
228,lebedyn,50.5852,34.4849,17.04,49,0,2.18,UA,2023-09-29 15:55:06
229,alofi,-19.0595,-169.9187,25.94,83,8,1.54,NU,2023-09-29 15:55:07
230,pimentel,-6.8367,-79.9342,19.16,88,40,7.2,PE,2023-09-29 15:55:08
231,cadale,2.7603,46.3222,27.38,79,38,7.49,SO,2023-09-29 15:55:09
232,caleta de carquin,-11.0925,-77.6267,18.4,90,100,4.21,PE,2023-09-29 15:55:09
233,longyearbyen,78.2186,15.6401,-0.09,86,100,7.2,SJ,2023-09-29 15:55:10
234,liuhe,42.2401,125.7172,20.2,42,99,3.41,CN,2023-09-29 15:55:11
235,itoman,26.1247,127.6694,30.21,87,75,4.63,JP,2023-09-29 15:55:12
236,katabu,-4.9333,122.5167,31.88,45,61,2.17,ID,2023-09-29 15:55:13
237,schonenberg-kubelberg,49.4,7.3667,15.69,94,65,2.05,DE,2023-09-29 15:55:14
238,fale old settlement,-9.3852,-171.2468,28.94,76,88,3.87,TK,2023-09-29 15:55:15
239,stuttgart,48.7823,9.177,15.39,89,0,1.03,DE,2023-09-29 15:55:16
240,naze,28.3667,129.4833,28.51,73,20,4.2,JP,2023-09-29 15:51:17
241,puqi,29.7167,113.8833,29.95,61,60,2.27,CN,2023-09-29 15:55:17
242,miyaly,48.8844,53.7836,16.63,39,56,2.99,KZ,2023-09-29 15:55:18
243,klyuchi,52.2667,79.1667,15.83,45,71,2.51,RU,2023-09-29 15:55:20
244,merritt,50.1123,-120.7942,6.29,80,98,0.89,CA,2023-09-29 15:55:21
245,vorgashor,67.5833,63.95,1.66,67,41,4.49,RU,2023-09-29 15:55:21
246,barda,40.3744,47.1267,20.6,45,7,2.44,AZ,2023-09-29 15:55:22
247,rauna,57.3322,25.6067,13.7,64,79,3.63,LV,2023-09-29 15:55:23
248,ad-damazin,11.7891,34.3592,24.44,83,87,3.7,SD,2023-09-29 15:55:23
249,tindouf,27.6711,-8.1474,25.25,23,0,4.12,DZ,2023-09-29 15:55:24
250,newman,37.3138,-121.0208,19.47,65,7,1.34,US,2023-09-29 15:55:25
251,kapuskasing,49.4169,-82.4331,8.0,81,20,1.54,CA,2023-09-29 15:55:26
252,trairi,-3.2778,-39.2689,24.42,86,67,3.96,BR,2023-09-29 15:55:27
253,bejar,40.3864,-5.7634,17.54,49,3,2.3,ES,2023-09-29 15:55:27
254,meadow lake,34.8014,-106.5436,21.19,24,46,2.13,US,2023-09-29 15:55:28
255,neiafu,-18.65,-173.9833,26.38,78,75,2.57,TO,2023-09-29 15:55:28
256,parvatipuram,18.7833,83.4333,32.15,67,42,0.4,IN,2023-09-29 15:55:29
257,itaituba,-4.2761,-55.9836,24.11,88,12,1.18,BR,2023-09-29 15:55:29
258,quatre cocos,-20.2078,57.7625,26.06,66,59,6.66,MU,2023-09-29 15:54:24
259,altai,46.3722,96.2583,4.08,54,3,2.44,MN,2023-09-29 15:55:31
260,ascension,30.2169,-90.9001,24.0,89,20,2.57,US,2023-09-29 15:55:32
261,rikaze,29.25,88.8833,18.45,24,8,1.37,CN,2023-09-29 15:55:32
262,malango,-2.9627,119.9001,31.02,40,35,2.52,ID,2023-09-29 15:55:33
263,puerto colombia,10.9878,-74.9547,28.05,77,0,7.44,CO,2023-09-29 15:55:34
264,ocos,14.5094,-92.1933,26.78,74,100,1.26,GT,2023-09-29 15:55:34
265,lerwick,60.1545,-1.1494,13.0,86,85,7.16,GB,2023-09-29 15:55:35
266,revda,56.801,59.9303,8.63,91,98,3.79,RU,2023-09-29 15:55:36
267,aitape,-3.1374,142.3475,27.92,80,98,2.63,PG,2023-09-29 15:55:36
268,tazacorte,28.629,-17.9293,22.54,84,75,3.09,ES,2023-09-29 15:55:37
269,manokwari,-0.8667,134.0833,28.18,76,86,2.73,ID,2023-09-29 15:55:37
270,abohar,30.15,74.1833,36.45,20,0,3.31,IN,2023-09-29 15:55:38
271,paphos,34.7667,32.4167,26.88,61,0,3.6,CY,2023-09-29 15:55:39
272,balaipungut,1.05,101.2833,34.99,41,29,2.26,ID,2023-09-29 15:55:40
273,hammerfest,70.6634,23.6821,8.25,87,0,1.03,NO,2023-09-29 15:55:40
274,sanford,28.8006,-81.2731,24.95,88,40,1.34,US,2023-09-29 15:55:41
275,bayeux,-7.125,-34.9322,22.35,94,0,1.54,BR,2023-09-29 15:55:42
276,pangody,65.85,74.4859,2.01,60,69,8.15,RU,2023-09-29 15:55:42
277,alice springs,-23.7,133.8833,32.75,11,0,3.6,AU,2023-09-29 15:55:44
278,mont-laurier,46.5501,-75.4993,7.79,91,43,0.89,CA,2023-09-29 15:55:44
279,vila velha,-20.3297,-40.2925,21.97,83,75,6.69,BR,2023-09-29 15:55:45
280,micheweni,-4.9667,39.8333,26.09,80,16,5.39,TZ,2023-09-29 15:55:46
281,happy valley-goose bay,53.3168,-60.3315,11.17,71,20,4.12,CA,2023-09-29 15:55:47
282,ende,-8.8432,121.6623,30.31,52,67,2.38,ID,2023-09-29 15:55:47
283,judenburg,47.1667,14.6667,10.57,100,40,0.0,AT,2023-09-29 15:55:48
284,howard springs,-12.497,131.047,33.95,23,52,4.03,AU,2023-09-29 15:55:49
285,marka,1.7159,44.7717,28.08,74,10,6.49,SO,2023-09-29 15:55:50
286,qaqortoq,60.7167,-46.0333,1.69,76,65,1.75,GL,2023-09-29 15:55:50
287,san cristobal,7.7669,-72.225,22.1,97,99,0.8,VE,2023-09-29 15:55:51
288,port augusta,-32.5,137.7667,31.03,11,0,3.67,AU,2023-09-29 15:55:51
289,taskopru,41.5098,34.2141,18.9,66,97,1.44,TR,2023-09-29 15:55:52
290,san patricio,28.017,-97.5169,28.92,72,0,2.67,US,2023-09-29 15:55:53
291,broken hill,-31.95,141.4333,28.03,14,0,1.56,AU,2023-09-29 15:55:54
292,puerto tirol,-27.3722,-59.0821,14.49,87,0,2.06,AR,2023-09-29 15:55:54
293,flying fish cove,-10.4217,105.6791,26.82,78,100,5.66,CX,2023-09-29 15:55:55
294,tura,25.5198,90.2201,32.73,60,100,0.55,IN,2023-09-29 15:55:56
295,poronaysk,49.2167,143.1167,16.31,73,74,3.19,RU,2023-09-29 15:55:56
296,at taj,24.2049,23.2857,30.42,14,39,3.36,LY,2023-09-29 15:55:57
297,polyarnyy,69.1989,33.4478,9.83,89,100,5.4,RU,2023-09-29 15:55:57
298,truckee,39.328,-120.1833,12.97,65,23,1.25,US,2023-09-29 15:55:58
299,antsiranana,-12.2787,49.2917,27.42,54,40,7.2,MG,2023-09-29 15:55:58
300,bokajan,26.0167,93.7833,35.09,71,40,2.57,IN,2023-09-29 15:55:59
301,banff,51.1762,-115.5698,3.57,93,57,1.03,CA,2023-09-29 15:56:00
302,gagarin,55.5529,34.9954,14.75,68,42,2.66,RU,2023-09-29 15:56:01
303,quellon,-43.1167,-73.6167,4.63,87,23,1.69,CL,2023-09-29 15:56:02
304,dzilam gonzalez,21.2833,-88.9333,24.72,93,56,1.49,MX,2023-09-29 15:56:02
305,tutoia,-2.7619,-42.2744,25.76,82,9,5.47,BR,2023-09-29 15:56:03
306,jieshi,22.8134,115.8257,29.62,70,24,5.03,CN,2023-09-29 15:56:04
307,hilo,19.7297,-155.09,25.16,94,100,0.0,US,2023-09-29 15:56:04
308,salinopolis,-0.6136,-47.3561,26.33,76,5,4.73,BR,2023-09-29 15:56:06
309,inhambane,-23.865,35.3833,23.99,78,40,1.54,MZ,2023-09-29 15:56:06
310,jamestown,42.097,-79.2353,14.29,95,100,2.57,US,2023-09-29 15:55:09
311,nuku'alofa,-21.1333,-175.2,22.19,73,75,4.12,TO,2023-09-29 15:56:07
312,manching,48.7166,11.4939,11.85,91,20,1.03,DE,2023-09-29 15:56:09
313,coyutla,20.25,-97.65,22.95,89,33,1.92,MX,2023-09-29 15:56:10
314,konstantinovka,49.6167,127.9833,12.08,66,92,3.32,RU,2023-09-29 15:56:11
315,al jawf,29.5,38.75,27.71,19,9,1.75,SA,2023-09-29 15:56:12
316,tamanrasset,22.785,5.5228,22.95,25,0,4.63,DZ,2023-09-29 15:56:13
317,ciudad lazaro cardenas,17.9583,-102.2,27.13,90,16,2.22,MX,2023-09-29 15:52:44
318,mar del plata,-38.0023,-57.5575,13.38,82,0,3.09,AR,2023-09-29 15:56:14
319,zhanaozen,43.3,52.8,19.09,37,0,3.43,KZ,2023-09-29 15:56:15
320,xiazhen,34.8022,117.1117,20.03,77,98,3.22,CN,2023-09-29 15:56:15
321,charters towers,-20.1,146.2667,29.34,24,2,10.42,AU,2023-09-29 15:56:16
322,saveh,35.0213,50.3566,22.27,33,4,2.39,IR,2023-09-29 15:56:17
323,constantia,44.1833,28.65,20.39,69,25,6.72,RO,2023-09-29 15:56:17
324,roswell,34.0232,-84.3616,17.8,94,81,1.89,US,2023-09-29 15:56:18
325,loango,-4.6719,11.8312,24.02,87,92,3.34,CG,2023-09-29 15:56:19
326,nuuk,64.1835,-51.7216,2.71,100,59,4.47,GL,2023-09-29 15:56:19
327,lae,-6.7221,146.9847,26.82,82,47,3.77,PG,2023-09-29 15:56:20
328,mata-utu,-13.2816,-176.1745,26.94,80,49,6.14,WF,2023-09-29 15:56:20
329,kangding,30.0513,101.9603,17.63,85,74,2.36,CN,2023-09-29 15:56:21
330,talnakh,69.4865,88.3972,0.67,96,100,2.82,RU,2023-09-29 15:56:22
331,guiratinga,-16.3494,-53.7583,27.09,47,34,0.4,BR,2023-09-29 15:56:22
332,rio gallegos,-51.6226,-69.2181,5.03,70,0,3.6,AR,2023-09-29 15:56:23
333,arauca,7.0847,-70.7591,23.91,96,82,1.37,CO,2023-09-29 15:56:23
334,mersa matruh,31.3525,27.2453,22.11,94,0,1.54,EG,2023-09-29 15:56:24
335,shakhtersk,48.0625,38.5167,20.52,40,0,4.98,UA,2023-09-29 15:56:25
336,kingston,17.997,-76.7936,28.53,85,20,2.06,JM,2023-09-29 15:51:27
337,lompoc,34.6391,-120.4579,15.29,87,75,0.45,US,2023-09-29 15:56:26
338,mendi,-6.1761,143.6513,17.22,95,80,1.25,PG,2023-09-29 15:56:26
339,chibougamau,49.9168,-74.3659,7.79,87,0,1.54,CA,2023-09-29 15:56:27
340,takab,36.4009,47.1133,19.03,31,2,2.78,IR,2023-09-29 15:56:27
341,torrington,41.8007,-73.1212,13.96,89,39,0.45,US,2023-09-29 15:56:28
342,al bawiti,28.3492,28.8659,29.57,27,0,3.76,EG,2023-09-29 15:56:29
343,shimoda,34.6667,138.95,28.2,73,79,5.22,JP,2023-09-29 15:56:29
344,ghat,24.9647,10.1728,26.07,31,45,1.58,LY,2023-09-29 15:56:30
345,tarrafal de sao nicolau,16.5667,-24.3667,25.73,81,87,5.19,CV,2023-09-29 15:56:30
346,shubarshi,48.5872,57.1869,15.93,50,59,1.47,KZ,2023-09-29 15:56:32
347,devarkonda,16.7,78.9333,30.2,65,98,5.7,IN,2023-09-29 15:56:32
348,mamuju,-2.6748,118.8885,29.62,72,28,2.6,ID,2023-09-29 15:56:33
349,harij,23.7,71.9,34.05,46,25,2.12,IN,2023-09-29 15:56:34
350,cuito,-12.3833,16.9333,20.62,57,53,0.39,AO,2023-09-29 15:56:34
351,mancio lima,-7.6142,-72.8958,23.27,94,86,1.49,BR,2023-09-29 15:56:35
352,egilsstadir,65.2653,-14.3948,4.95,93,75,6.17,IS,2023-09-29 15:56:35
353,pionerskiy,54.9508,20.2275,14.86,76,100,5.79,RU,2023-09-29 15:56:36
354,kutum,14.2,24.6667,24.36,63,99,1.79,SD,2023-09-29 15:56:37
355,coahuayana de hidalgo,18.7,-103.6583,26.89,92,27,1.3,MX,2023-09-29 15:56:37
356,saint-denis,48.9167,2.3333,19.43,83,100,7.72,FR,2023-09-29 15:56:38
357,kone,-21.0595,164.8658,22.3,62,88,3.96,NC,2023-09-29 15:56:38
358,bongor,10.2806,15.3722,24.75,83,99,2.98,TD,2023-09-29 15:56:39
359,puerto aysen,-45.4,-72.7,-1.76,98,53,0.55,CL,2023-09-29 15:56:40
360,muvattupula,9.9667,76.5833,26.86,87,100,2.15,IN,2023-09-29 15:54:46
361,mermoz boabab,14.7065,-17.4758,26.31,79,100,4.5,SN,2023-09-29 15:56:41
362,oppdal,62.5943,9.6912,8.56,93,94,2.04,NO,2023-09-29 15:56:42
363,arteche,12.2645,125.4048,28.24,86,97,3.18,PH,2023-09-29 15:56:42
364,punta arenas,-53.15,-70.9167,7.06,61,0,7.72,CL,2023-09-29 15:56:43
365,cascais,38.6979,-9.4215,20.03,82,3,9.83,PT,2023-09-29 15:56:44
366,point fortin,10.1833,-61.6833,26.05,83,69,3.29,TT,2023-09-29 15:56:45
367,freetown,8.484,-13.2299,25.53,86,67,0.74,SL,2023-09-29 15:56:46
368,black point,-34.6187,137.8972,24.83,35,0,2.51,AU,2023-09-29 15:56:46
369,dobryanka,58.4619,56.4165,11.47,91,99,2.88,RU,2023-09-29 15:56:47
370,san jorge,-31.8962,-61.8598,13.24,70,13,1.31,AR,2023-09-29 15:56:47
371,price,39.5994,-110.8107,16.73,27,1,2.05,US,2023-09-29 15:56:48
372,mkushi,-13.6202,29.3939,24.99,41,35,4.62,ZM,2023-09-29 15:56:49
373,saint-philippe,-21.3585,55.7679,25.77,79,60,6.89,RE,2023-09-29 15:56:49
374,nova sintra,14.8667,-24.7167,23.67,83,60,6.6,CV,2023-09-29 15:56:50
375,bogale,16.2833,95.4,25.02,93,100,3.75,MM,2023-09-29 15:56:51
376,coxen hole,16.3244,-86.5366,23.6,100,75,2.06,HN,2023-09-29 15:56:51
377,codrington,-38.2667,141.9667,20.95,57,11,2.79,AU,2023-09-29 15:56:52
378,howrah,22.5892,88.3103,31.0,84,100,2.57,IN,2023-09-29 15:56:53
379,ulsteinvik,62.3432,5.8487,15.73,69,100,2.68,NO,2023-09-29 15:56:53
380,belmonte,-15.8631,-38.8828,24.07,89,59,1.97,BR,2023-09-29 15:56:54
381,tabuk,17.4189,121.4443,31.54,65,26,2.27,PH,2023-09-29 15:53:40
382,acarau,-2.8856,-40.12,24.49,87,21,5.44,BR,2023-09-29 15:55:07
383,sisimiut,66.9395,-53.6735,1.56,86,99,1.76,GL,2023-09-29 15:56:56
384,tolanaro,-25.0319,46.9987,26.04,57,20,9.26,MG,2023-09-29 15:56:56
385,mount darwin,-16.7725,31.5838,24.27,53,27,4.54,ZW,2023-09-29 15:56:57
386,novyy urgal,51.0736,132.5642,7.05,95,100,0.5,RU,2023-09-29 15:56:58
387,prijedor,44.9814,16.7131,8.82,75,0,0.65,BA,2023-09-29 15:56:59
388,morehead city,34.7229,-76.726,21.1,91,100,4.63,US,2023-09-29 15:57:00
389,sao paulo de olivenca,-3.3783,-68.8725,26.84,66,77,0.9,BR,2023-09-29 15:57:00
390,remire-montjoly,4.9167,-52.2667,25.02,94,0,0.0,GF,2023-09-29 15:57:01
391,santa elena de uairen,4.6167,-61.1333,20.53,83,48,1.53,VE,2023-09-29 15:57:02
392,vodyane,47.4875,34.4924,20.4,47,0,7.27,UA,2023-09-29 15:57:03
393,thunder bay,48.4001,-89.3168,15.95,82,100,1.03,CA,2023-09-29 15:57:04
394,wynyard,-41.0,145.7167,17.66,56,36,4.55,AU,2023-09-29 15:57:04
395,kidal,18.4411,1.4078,30.09,12,15,2.64,ML,2023-09-29 15:57:05
396,tevriz,57.509,72.4042,12.31,70,75,2.46,RU,2023-09-29 15:54:20
397,george town,5.4112,100.3354,33.3,62,40,5.14,MY,2023-09-29 15:57:07
398,talakan,50.3167,130.3667,10.4,89,100,3.56,RU,2023-09-29 15:57:07
399,la mira,18.035,-102.3266,26.68,91,24,1.98,MX,2023-09-29 15:57:08
400,tiksi,71.6872,128.8694,-1.59,79,90,10.98,RU,2023-09-29 15:57:08
401,upata,8.0086,-62.3989,22.01,95,82,1.35,VE,2023-09-29 15:57:10
402,longboat key,27.4125,-82.659,25.57,76,40,3.6,US,2023-09-29 15:57:11
403,tateyama,34.9833,139.8667,25.56,73,97,6.07,JP,2023-09-29 15:54:11
404,namsos,64.4662,11.4957,13.03,94,75,1.03,NO,2023-09-29 15:57:13
405,tromso,69.6496,18.957,7.01,87,0,1.03,NO,2023-09-29 15:57:14
406,selkirk,50.1436,-96.8845,15.04,94,87,1.34,CA,2023-09-29 15:57:14
407,bonnyville,54.2668,-110.735,9.62,64,100,1.33,CA,2023-09-29 15:57:15
408,nar'yan-mar,67.6713,53.087,2.93,67,49,3.22,RU,2023-09-29 15:57:15
409,limon,10.0,-83.0333,25.59,86,90,2.1,CR,2023-09-29 15:57:16
410,tomatlan,19.9333,-105.25,25.28,95,86,1.78,MX,2023-09-29 15:57:17
411,lagunas,-5.2269,-75.6753,24.6,83,79,1.24,PE,2023-09-29 15:57:18
412,ha'il,27.5219,41.6907,26.01,18,0,4.12,SA,2023-09-29 15:57:18
413,rio grande,-32.035,-52.0986,16.64,76,16,7.76,BR,2023-09-29 15:57:19
414,whistler,50.1164,-122.9695,5.86,96,100,0.56,CA,2023-09-29 15:57:20
415,metlili chaamba,32.2667,3.6333,17.52,52,0,0.0,DZ,2023-09-29 15:54:37
416,fort mcmurray,56.7268,-111.381,8.77,87,100,3.09,CA,2023-09-29 15:57:21
417,yurimaguas,-5.9,-76.0833,24.23,82,92,1.01,PE,2023-09-29 15:57:21
418,jinja,0.439,33.2032,21.92,82,84,1.0,UG,2023-09-29 15:57:22
419,luderitz,-26.6481,15.1594,12.59,85,81,2.16,NA,2023-09-29 15:57:22
420,mohr,54.3528,9.7167,16.08,90,75,3.09,DE,2023-09-29 15:57:23
421,northwood,40.4728,-83.7324,17.53,100,100,0.0,US,2023-09-29 15:57:23
422,itaberaba,-12.5275,-40.3069,20.79,94,19,1.65,BR,2023-09-29 15:57:24
423,orda,57.1951,56.9091,11.76,83,99,4.55,RU,2023-09-29 15:57:25
424,homer,59.6425,-151.5483,7.09,75,100,0.59,US,2023-09-29 15:57:25
425,steinbach,50.1667,8.5667,18.13,85,0,0.51,DE,2023-09-29 15:57:27
426,iisalmi,63.5592,27.1907,11.73,95,55,3.43,FI,2023-09-29 15:57:28
427,santa elena,-2.2333,-80.85,22.08,80,91,4.06,EC,2023-09-29 15:57:28
428,dompu,-8.5356,118.4622,36.82,30,58,0.81,ID,2023-09-29 15:57:29
429,pandan,14.0453,124.1694,30.08,71,41,2.52,PH,2023-09-29 15:57:30
430,khilok,51.3674,110.4676,12.31,56,49,4.61,RU,2023-09-29 15:57:31
431,bocanda,7.0626,-4.4995,22.57,99,60,1.5,CI,2023-09-29 15:57:32
432,aioun,16.6614,-9.6149,29.63,61,66,7.62,MR,2023-09-29 15:57:32
433,kitimat,54.0524,-128.6534,11.21,64,79,0.45,CA,2023-09-29 15:57:33
434,island harbour,50.724,-1.2758,15.56,94,89,2.24,GB,2023-09-29 15:57:34
435,rudnichnyy,59.617,52.4703,10.92,91,100,4.18,RU,2023-09-29 15:57:35
436,upington,-28.4478,21.2561,13.21,26,0,2.06,ZA,2023-09-29 15:54:29
437,shiraz,29.6036,52.5388,24.69,29,0,0.0,IR,2023-09-29 15:57:36
438,port blair,11.6667,92.75,27.02,89,100,5.14,IN,2023-09-29 15:57:36
439,maintirano,-18.0667,44.0167,28.6,47,3,2.06,MG,2023-09-29 15:57:37
440,wenchang,30.904,118.4887,28.69,73,62,2.67,CN,2023-09-29 15:57:37
441,mariehamn,60.0973,19.9348,14.34,100,100,1.54,AX,2023-09-29 15:57:38
442,saint-pierre,-21.3393,55.4781,25.82,61,0,3.09,RE,2023-09-29 15:57:38
443,saynshand,44.8824,110.1163,12.65,44,90,3.93,MN,2023-09-29 15:57:39
444,nizhnesortymskiy,62.4397,71.7603,5.35,92,93,7.91,RU,2023-09-29 15:57:39
445,arrifes,37.7667,-25.7,22.14,94,75,6.17,PT,2023-09-29 15:57:40
446,aksuat,48.7167,83.7,15.57,30,100,2.93,KZ,2023-09-29 15:57:40
447,florence,43.7667,11.25,18.94,55,3,1.16,IT,2023-09-29 15:55:06
448,tommot,58.9564,126.2925,6.71,85,100,1.24,RU,2023-09-29 15:57:41
449,yakeshi,49.2833,120.7333,14.74,39,100,2.65,CN,2023-09-29 15:57:42
450,thinadhoo,0.5333,72.9333,28.44,73,51,5.85,MV,2023-09-29 15:57:42
451,acapulco de juarez,16.8634,-99.8901,27.65,86,9,3.02,MX,2023-09-29 15:57:43
452,grand falls-windsor,48.9332,-55.6649,5.28,92,13,2.65,CA,2023-09-29 15:57:44
453,turkmenbasy,40.0222,52.9552,25.43,27,0,2.06,TM,2023-09-29 15:57:44
454,dinghaicun,26.2847,119.7936,29.51,81,9,6.66,CN,2023-09-29 15:57:45
455,chiredzi,-21.05,31.6667,22.23,72,79,3.12,ZW,2023-09-29 15:57:46
456,crestview,30.7621,-86.5705,21.25,88,97,1.34,US,2023-09-29 15:57:46
457,vernon,50.2581,-119.2691,11.2,87,93,0.51,CA,2023-09-29 15:57:47
458,kebili,33.7044,8.969,21.75,57,42,1.52,TN,2023-09-29 15:57:50
459,san jeronimo,-11.9472,-75.2829,11.41,72,97,0.31,PE,2023-09-29 15:57:51
460,necochea,-38.5473,-58.7368,9.1,94,100,2.78,AR,2023-09-29 15:57:51
461,kisangani,0.5167,25.2,21.2,100,40,2.06,CD,2023-09-29 15:57:52
462,campoverde,-8.4753,-74.8058,26.83,88,95,1.45,PE,2023-09-29 15:57:52
463,susuman,62.7833,148.1667,4.7,75,48,2.64,RU,2023-09-29 15:57:53
464,alcala de los gazules,36.4621,-5.7238,18.54,68,94,2.61,ES,2023-09-29 15:57:53
465,zhuji,29.7188,120.2423,32.82,52,3,0.43,CN,2023-09-29 15:57:54
466,kattivakkam,13.2167,80.3167,32.82,67,87,6.89,IN,2023-09-29 15:57:55
467,lagos,6.5833,3.75,24.67,94,73,1.12,NG,2023-09-29 15:57:56
468,kuching,1.55,110.3333,31.7,70,20,1.54,MY,2023-09-29 15:53:29
469,anna regina,7.2644,-58.5077,27.31,82,66,2.57,GY,2023-09-29 15:57:58
470,nikolayevsk-on-amure,53.1406,140.73,15.29,65,75,1.36,RU,2023-09-29 15:57:59
471,puerto carreno,6.189,-67.4859,25.07,86,98,1.04,CO,2023-09-29 15:58:00
472,axim,4.8699,-2.2405,24.8,90,38,2.79,GH,2023-09-29 15:58:00
473,tsiombe,-25.3,45.4833,28.92,36,0,3.56,MG,2023-09-29 15:58:01
474,sao raimundo nonato,-9.0153,-42.6994,26.66,37,52,1.35,BR,2023-09-29 15:58:02
475,tarasovskiy,48.7292,40.3636,20.33,34,0,3.51,RU,2023-09-29 15:58:02
476,vilyuysk,63.7553,121.6247,5.42,33,17,1.25,RU,2023-09-29 15:58:03
477,chimbote,-9.0853,-78.5783,18.42,90,93,2.32,PE,2023-09-29 15:58:03
478,makakilo city,21.3469,-158.0858,25.11,86,100,2.57,US,2023-09-29 15:58:04
479,la sarre,48.8002,-79.1996,9.42,72,5,2.71,CA,2023-09-29 15:58:05
480,neryungri,56.6709,124.6491,8.34,58,100,5.41,RU,2023-09-29 15:53:28
481,bassar,9.25,0.7833,22.09,96,92,1.35,TG,2023-09-29 15:58:07
482,merizo village,13.2658,144.6691,29.21,82,93,3.8,GU,2023-09-29 15:58:08
483,cova figueira,14.8905,-24.2934,24.16,84,53,5.36,CV,2023-09-29 15:58:08
484,st. john's,47.5649,-52.7093,7.31,86,0,5.66,CA,2023-09-29 15:58:08
485,coweta,33.3835,-84.7666,16.05,94,0,0.0,US,2023-09-29 15:58:10
486,yanchep,-31.55,115.6833,23.34,56,0,5.47,AU,2023-09-29 15:58:10
487,barra,-11.0894,-43.1417,25.68,54,37,2.25,BR,2023-09-29 15:58:11
488,ilobu,7.8333,4.4833,21.95,97,99,2.84,NG,2023-09-29 15:58:12
489,nadi,-17.8,177.4167,25.0,65,75,6.17,FJ,2023-09-29 15:58:12
490,mafinga,-7.25,35.0667,24.51,51,49,2.4,TZ,2023-09-29 15:58:13
491,brooks,50.5834,-111.8851,7.99,73,68,2.57,CA,2023-09-29 15:58:14
492,patterson,37.4716,-121.1297,21.79,65,8,1.13,US,2023-09-29 15:58:14
493,mutuali,-14.8706,37.0044,25.69,57,17,3.07,MZ,2023-09-29 15:58:15
494,daru,-9.0763,143.2092,25.87,78,87,7.12,PG,2023-09-29 15:58:16
495,oistins,13.0667,-59.5333,29.05,79,40,4.63,BB,2023-09-29 15:58:16
496,tsiroanomandidy,-18.7667,46.0333,24.07,39,1,2.78,MG,2023-09-29 15:58:17
497,mount isa,-20.7333,139.5,34.87,14,1,4.63,AU,2023-09-29 15:55:16
498,constitucion,-35.3333,-72.4167,8.83,82,0,2.77,CL,2023-09-29 15:58:18
499,ituango,7.1712,-75.764,17.28,97,72,0.4,CO,2023-09-29 15:58:19
500,cody,44.5263,-109.0565,9.47,45,70,2.59,US,2023-09-29 15:58:19
501,mukalla,14.5425,49.1242,30.71,57,45,3.17,YE,2023-09-29 15:58:20
502,kaset sombun,16.2805,101.9542,28.68,75,100,2.55,TH,2023-09-29 15:54:15
503,balqash,46.8481,74.995,22.33,33,0,2.0,KZ,2023-09-29 15:58:21
504,samana,19.2056,-69.3369,25.86,90,24,2.69,DO,2023-09-29 15:55:11
505,taltal,-25.4,-70.4833,14.47,81,45,0.05,CL,2023-09-29 15:58:22
506,plastun,44.7561,136.2939,19.71,51,79,3.15,RU,2023-09-29 15:58:23
507,yeniseysk,58.4497,92.1703,6.64,81,100,1.34,RU,2023-09-29 15:58:23
508,horodyshche,49.2849,31.4451,18.25,48,1,3.35,UA,2023-09-29 15:58:23
509,awjilah,29.1081,21.2869,23.58,55,29,3.84,LY,2023-09-29 15:58:24
510,colombo,6.9319,79.8478,25.97,86,99,4.97,LK,2023-09-29 15:57:09
511,siniscola,40.5719,9.6922,17.75,59,46,1.65,IT,2023-09-29 15:58:26
512,dapa,9.7594,126.0531,29.99,74,97,7.62,PH,2023-09-29 15:58:26
513,bolokhovo,54.0936,37.8183,15.56,59,9,2.79,RU,2023-09-29 15:58:27
514,portland,45.5234,-122.6762,14.14,89,100,2.24,US,2023-09-29 15:53:37
515,carlsbad,33.1581,-117.3506,19.72,86,18,1.34,US,2023-09-29 15:58:28
516,tamandare,-8.7597,-35.1047,22.83,86,55,1.88,BR,2023-09-29 15:58:29
517,prymors'k,46.7348,36.3443,21.85,41,0,10.45,UA,2023-09-29 15:58:29
518,ormara,25.2088,64.6357,30.91,42,0,2.69,PK,2023-09-29 15:58:30
519,saudarkrokur,65.7461,-19.6394,4.33,78,85,1.83,IS,2023-09-29 15:58:31
520,nizhnevartovsk,60.9344,76.5531,9.01,93,100,2.0,RU,2023-09-29 15:58:31
521,sao luiz gonzaga,-28.4083,-54.9608,10.98,95,36,2.77,BR,2023-09-29 15:58:32
522,khandyga,62.6667,135.6,7.33,56,65,3.75,RU,2023-09-29 15:58:33
523,puerto asis,0.5133,-76.5007,22.36,98,89,0.15,CO,2023-09-29 15:58:34
524,port alberni,49.2413,-124.8028,11.91,94,20,1.41,CA,2023-09-29 15:58:34
525,riachao das neves,-11.7461,-44.91,26.41,54,38,0.93,BR,2023-09-29 15:58:35
526,dubbo,-32.25,148.6167,29.07,23,0,3.09,AU,2023-09-29 15:58:37
527,merowe,18.4833,31.8167,35.55,25,39,4.42,SD,2023-09-29 15:58:37
528,konarka,19.9,86.1167,32.22,65,91,1.9,IN,2023-09-29 15:58:38
529,iguatemi,-23.6803,-54.5611,21.08,62,41,2.93,BR,2023-09-29 15:58:39
530,souillac,-20.5167,57.5167,26.21,61,40,7.2,MU,2023-09-29 15:58:39
531,yaren,-0.5472,166.916,28.96,68,59,1.24,NR,2023-09-29 15:58:40
532,severo-yeniseyskiy,60.3725,93.0408,5.24,95,100,2.29,RU,2023-09-29 15:58:40
533,basco,20.4487,121.9702,29.2,81,72,6.61,PH,2023-09-29 15:58:41
534,sitia,35.2,26.0986,23.32,72,0,2.24,GR,2023-09-29 15:58:42
535,yambio,4.5721,28.3955,24.71,79,3,0.99,SS,2023-09-29 15:58:42
536,tokoroa,-38.2333,175.8667,8.3,88,88,4.02,NZ,2023-09-29 15:58:43
537,carutapera,-1.195,-46.02,25.5,77,9,2.85,BR,2023-09-29 15:58:44
538,inongo,-1.95,18.2667,22.12,88,64,0.5,CD,2023-09-29 15:58:45
539,huarmey,-10.0681,-78.1522,18.71,92,88,3.91,PE,2023-09-29 15:58:45
540,xining,36.6167,101.7667,16.34,49,61,2.15,CN,2023-09-29 15:58:47
541,anar darah,32.7587,61.654,24.42,15,0,13.3,AF,2023-09-29 15:58:47
542,franceville,-1.6333,13.5836,23.25,94,75,0.52,GA,2023-09-29 15:58:49
543,saint croix,17.7397,-64.7388,27.2,86,15,1.79,VI,2023-09-29 15:58:49
544,aracruz,-19.8203,-40.2733,21.56,76,71,3.88,BR,2023-09-29 15:58:50
545,port douglas,-16.4833,145.4667,24.24,66,75,7.85,AU,2023-09-29 15:58:50
546,amuntai,-2.4177,115.2494,39.8,20,56,1.0,ID,2023-09-29 15:58:51
547,cuiaba,-15.5961,-56.0967,27.96,65,20,1.54,BR,2023-09-29 15:55:05
548,sanctuary point,-35.1114,150.629,22.33,64,1,3.34,AU,2023-09-29 15:58:52
549,tamalpais valley,37.8796,-122.5458,18.4,79,4,0.45,US,2023-09-29 15:58:53
550,huai'an,33.5886,119.0192,23.37,73,99,1.96,CN,2023-09-29 15:58:54
551,cole harbour,44.6724,-63.4751,12.71,94,0,2.57,CA,2023-09-29 15:58:54
552,natal,-5.795,-35.2094,22.12,94,0,2.06,BR,2023-09-29 15:58:55
553,kuala belait,4.5833,114.1833,32.09,69,76,2.79,BN,2023-09-29 15:58:55
554,port shepstone,-30.7414,30.455,19.79,67,0,0.33,ZA,2023-09-29 15:56:56
555,amos,48.5669,-78.1162,9.43,83,15,1.77,CA,2023-09-29 15:58:57
556,guozhen,34.3659,107.359,23.93,60,66,0.92,CN,2023-09-29 15:56:26
557,weno,7.4515,151.8468,26.73,84,100,5.18,FM,2023-09-29 15:58:59
558,borgarnes,64.5383,-21.9206,3.03,89,66,3.41,IS,2023-09-29 15:59:00
559,cidreira,-30.1811,-50.2056,17.27,78,6,9.55,BR,2023-09-29 15:59:00
560,cururupu,-1.8283,-44.8683,23.55,90,12,1.71,BR,2023-09-29 15:59:01
561,usogorsk,63.4106,48.6872,10.43,93,100,0.91,RU,2023-09-29 15:59:01
562,boende,-0.2167,20.8667,25.03,78,80,0.56,CD,2023-09-29 15:59:03
563,sandnessjoen,66.0217,12.6316,13.29,88,75,8.23,NO,2023-09-29 15:59:04
564,siguiri,11.6667,-9.5,22.07,88,100,1.47,GN,2023-09-29 15:59:04
565,kish,26.5578,54.0194,33.15,70,20,3.09,IR,2023-09-29 15:59:05
566,timra,62.487,17.3257,11.82,100,75,1.54,SE,2023-09-29 15:59:05
567,clarence town,-32.5833,151.7833,26.95,21,1,1.71,AU,2023-09-29 15:59:06
568,luganville,-15.5333,167.1667,24.5,66,79,6.47,VU,2023-09-29 15:59:07
569,safi,32.1667,-8.8333,22.17,52,0,2.65,MA,2023-09-29 15:59:07
570,traverse city,44.7631,-85.6206,13.11,93,8,2.23,US,2023-09-29 15:59:08
571,namibe,-15.1961,12.1522,18.72,89,100,1.28,AO,2023-09-29 15:59:09
572,laghouat,33.8,2.8651,19.3,42,16,2.71,DZ,2023-09-29 15:59:09
573,kurmuk,10.55,34.2833,24.71,82,96,1.12,SD,2023-09-29 15:59:10
574,robore,-18.3333,-59.75,19.5,63,59,1.82,BO,2023-09-29 15:59:11
575,tulun,54.5611,100.5792,15.17,42,72,2.49,RU,2023-09-29 15:59:12
576,tual,-5.6667,132.75,26.14,86,59,8.09,ID,2023-09-29 15:59:12
577,bom jesus,-9.0744,-44.3586,25.96,55,84,0.89,BR,2023-09-29 15:59:13
578,hobyo,5.3505,48.5268,28.46,71,39,8.2,SO,2023-09-29 15:59:14
579,landeck,47.1301,10.5636,11.66,64,18,1.26,AT,2023-09-29 15:59:15
580,lichinga,-13.3128,35.2406,17.05,88,75,5.36,MZ,2023-09-29 15:59:15
581,jiagedaqi,50.4167,124.1167,15.88,41,49,2.55,CN,2023-09-29 15:59:16
582,port lincoln,-34.7333,135.8667,24.07,40,0,2.1,AU,2023-09-29 15:59:16
583,kolonia town,6.964,158.206,29.74,72,25,4.15,FM,2023-09-29 15:59:18
584,dosso,13.049,3.1937,25.84,61,97,4.13,NE,2023-09-29 15:58:27
585,ca mau,9.1769,105.15,32.85,52,97,2.95,VN,2023-09-29 15:59:21
586,kourou,5.1552,-52.6478,25.03,82,5,4.21,GF,2023-09-29 15:59:21
587,mount pearl,47.5166,-52.7813,6.85,87,0,5.66,CA,2023-09-29 15:59:22
588,tralee,52.2704,-9.7026,11.52,90,15,4.69,IE,2023-09-29 15:59:23
589,mammoth lakes,37.6485,-118.9721,9.63,42,0,0.0,US,2023-09-29 15:59:24
590,englewood,39.6478,-104.9878,19.76,47,34,1.27,US,2023-09-29 15:59:25
591,ndele,8.4109,20.6473,23.19,88,100,1.11,CF,2023-09-29 15:59:26
592,vrangel',42.7297,133.0839,19.26,61,1,5.14,RU,2023-09-29 15:59:27
593,colchani,-20.3,-66.9333,5.98,23,24,2.39,BO,2023-09-29 15:59:27
594,yuli,9.6989,10.2744,24.03,85,100,1.13,NG,2023-09-29 15:59:28
595,beeskow,52.1667,14.25,15.01,68,41,2.45,DE,2023-09-29 15:59:29
596,stephenville,32.2207,-98.2023,26.19,60,0,0.0,US,2023-09-29 15:59:29
